model_key	precision_bacteria	recall_bacteria	f1_bacteria	precision_eukaryota	recall_eukaryota	f1_eukaryota	precision_plasmid	recall_plasmid	f1_plasmid	precision_virus	recall_virus	f1_virus
dmc	0.8889830508474577	0.3708024036762107	0.5233225243202794	0.9359795134443022	0.7919826652221018	0.857981220657277	0.3475409836065574	0.5792349726775956	0.4344262295081967	0.0111524163568773	0.2105263157894736	0.0211827007943512
4cac	0.904055822067161	0.7327677624602333	0.8094494338149161	0.8623265741728922	0.875406283856988	0.8688172043010752	0.6176470588235294	0.1147540983606557	0.1935483870967742	0.048780487804878	0.1403508771929824	0.0723981900452488
hybrid_no_rescue	0.900811209439528	0.8635560268646165	0.8817902905612706	0.984029484029484	0.8678223185265439	0.922279792746114	0.5102040816326531	0.1366120218579235	0.2155172413793103	0.0507246376811594	0.1228070175438596	0.0717948717948717
hybrid_rescue	0.923479661699557	0.8105337575114882	0.8633283132530121	0.984029484029484	0.8678223185265439	0.922279792746114	0.3724137931034483	0.5901639344262295	0.4566596194503171	0.0507246376811594	0.1228070175438596	0.0717948717948717
