n_eval	accuracy	precision_macro	recall_macro	f1_macro	precision_weighted	recall_weighted	f1_weighted	f1_virus	recall_virus	precision_virus	f1_plasmid	recall_plasmid	precision_plasmid	f1_bacteria	recall_bacteria	precision_bacteria	f1_eukaryota	recall_eukaryota	precision_eukaryota	anchor_threshold	temperature	alpha	n_iter	plasmid_rescue_threshold	anchors_n	anchors_rate	rescued_plasmids
3992.0	0.38201402805611223	0.5587262995878894	0.40764552414169486	0.4068109833245419	0.8444694881655215	0.38201402805611223	0.4905289058426634	0.012914334911752045	0.2631578947368421	0.006619593998234775	0.33226837060702874	0.28415300546448086	0.4	0.37424325811777653	0.24036762106751502	0.84472049689441	0.9078179696616102	0.8429035752979415	0.9835651074589128	0.65	1.0	0.65	20.0	0.6	1942.0	0.05276743743716545	0.0
