n_eval	accuracy	precision_macro	recall_macro	f1_macro	precision_weighted	recall_weighted	f1_weighted	f1_virus	recall_virus	precision_virus	f1_plasmid	recall_plasmid	precision_plasmid	f1_bacteria	recall_bacteria	precision_bacteria	f1_eukaryota	recall_eukaryota	precision_eukaryota	anchor_threshold	temperature	alpha	n_iter	plasmid_rescue_threshold	anchors_n	anchors_rate	rescued_plasmids
3992.0	0.38527054108216435	0.5614083324020137	0.4098889011326009	0.4089597384783985	0.844443441606447	0.38527054108216435	0.4926734836261635	0.01296456352636128	0.2631578947368421	0.00664599025254763	0.3322475570032573	0.2786885245901639	0.4112903225806452	0.37458745874587457	0.24072110286320256	0.8438661710037175	0.9160393746381007	0.856988082340195	0.9838308457711443	0.85	1.0	0.65	20.0	0.6	1265.0	0.034372197918647936	0.0
