{
  "n_eval": 3992.0,
  "accuracy": 0.3885270541082164,
  "precision_macro": 0.5670221852846937,
  "recall_macro": 0.4150531001537948,
  "f1_macro": 0.4141466023959498,
  "precision_weighted": 0.8472703578552043,
  "recall_weighted": 0.3885270541082164,
  "f1_weighted": 0.49557486605330936,
  "f1_virus": 0.013009540329575022,
  "recall_virus": 0.2631578947368421,
  "precision_virus": 0.006669630947087594,
  "f1_plasmid": 0.3464052287581699,
  "recall_plasmid": 0.2896174863387978,
  "precision_plasmid": 0.43089430894308944,
  "f1_bacteria": 0.37613417651910913,
  "recall_bacteria": 0.2417815482502651,
  "precision_bacteria": 0.8465346534653465,
  "f1_eukaryota": 0.9210374639769452,
  "recall_eukaryota": 0.8656554712892741,
  "precision_eukaryota": 0.9839901477832512,
  "anchor_threshold": 0.95,
  "temperature": 1.0,
  "alpha": 0.65,
  "n_iter": 20.0,
  "plasmid_rescue_threshold": 0.6,
  "anchors_n": 983.0,
  "anchors_rate": 0.02670977909409559,
  "rescued_plasmids": 0.0
}