mode	model	precision_macro	recall_macro	f1_macro	precision_bacteria	recall_bacteria	f1_bacteria	precision_eukaryota	recall_eukaryota	f1_eukaryota	precision_plasmid	recall_plasmid	f1_plasmid	precision_virus	recall_virus	f1_virus
short	4cac	0.8542393759687258	0.5552249536178108	0.567353240311065	0.6306042198783356	0.9073283858998146	0.7387511798655202	0.8317501093933928	0.7992857142857143	0.8127033392575896	1.0	0.048571428571428564	0.09222460952023137	0.9546031746031746	0.46571428571428564	0.625733832600919
short	dmc	0.7664354929652313	0.7893583797155225	0.7669265906430838	0.7967200981040296	0.7612430426716141	0.778291233740943	0.9135670867698789	0.7492857142857143	0.8212300409836567	0.6969953991006623	0.707857142857143	0.7003421265972598	0.6584593878863542	0.9390476190476191	0.7678429612504755
short	hybrid_no_rescue	0.7987510062192111	0.6931284786641929	0.7117871274484056	0.6370926495513691	0.8817996289424862	0.7348875756195371	0.8317501093933928	0.7992857142857143	0.8127033392575896	0.9046882855706386	0.3980952380952381	0.5524798214849289	0.8214729803614439	0.6933333333333334	0.7470777734315666
short	hybrid_rescue	0.7735464276324243	0.7495949288806432	0.7574941795791121	0.7141421474270839	0.7493320964749536	0.7302587553139719	0.8317501093933928	0.7992857142857143	0.8127033392575896	0.7268204733477764	0.7564285714285715	0.7399368503133201	0.8214729803614439	0.6933333333333334	0.7470777734315666
