n_eval	accuracy	precision_macro	recall_macro	f1_macro	precision_weighted	recall_weighted	f1_weighted	f1_virus	recall_virus	precision_virus	f1_plasmid	recall_plasmid	precision_plasmid	f1_bacteria	recall_bacteria	precision_bacteria	f1_eukaryota	recall_eukaryota	precision_eukaryota	anchor_threshold	temperature	alpha	n_iter	plasmid_rescue_threshold	anchors_n	anchors_rate	rescued_plasmids
3992.0	0.3780060120240481	0.557201518973523	0.40294685875568165	0.40358990736985323	0.8443753116232566	0.3780060120240481	0.4883847100377848	0.012836970474967908	0.2631578947368421	0.006578947368421052	0.33015873015873015	0.28415300546448086	0.3939393939393939	0.37513751375137516	0.24107458465889006	0.8451053283767038	0.8962264150943396	0.8234019501625135	0.9831824062095731	0.55	1.0	0.65	20.0	0.6	2307.0	0.06268510719234845	0.0
