n_eval	accuracy	precision_macro	recall_macro	f1_macro	precision_weighted	recall_weighted	f1_weighted	f1_virus	recall_virus	precision_virus	f1_plasmid	recall_plasmid	precision_plasmid	f1_bacteria	recall_bacteria	precision_bacteria	f1_eukaryota	recall_eukaryota	precision_eukaryota	anchor_threshold	temperature	alpha	n_iter	plasmid_rescue_threshold	anchors_n	anchors_rate	rescued_plasmids
3992.0	0.38001002004008017	0.5578297529674305	0.40584364781589877	0.4053537524554093	0.8440261022703389	0.38001002004008017	0.4889583215575464	0.012875536480686695	0.2631578947368421	0.006599208095028597	0.33121019108280253	0.28415300546448086	0.3969465648854962	0.3733480176211454	0.23966065747614	0.8443337484433375	0.9039812646370023	0.8364030335861322	0.9834394904458599	0.6	1.0	0.65	20.0	0.6	2140.0	0.058147433633127736	0.0
