n_eval	accuracy	precision_macro	recall_macro	f1_macro	precision_weighted	recall_weighted	f1_weighted	f1_virus	recall_virus	precision_virus	f1_plasmid	recall_plasmid	precision_plasmid	f1_bacteria	recall_bacteria	precision_bacteria	f1_eukaryota	recall_eukaryota	precision_eukaryota	anchor_threshold	temperature	alpha	n_iter	plasmid_rescue_threshold	anchors_n	anchors_rate	rescued_plasmids
3992.0	0.3825150300601202	0.5580184860643104	0.4080047504952755	0.40682163625051015	0.8444709647085961	0.3825150300601202	0.4909448331199414	0.01293103448275862	0.2631578947368421	0.006628369421122404	0.33121019108280253	0.28415300546448086	0.3969465648854962	0.3746905089408528	0.24072110286320256	0.8449131513647643	0.9084548104956268	0.8439869989165764	0.9835858585858586	0.7	1.0	0.65	20.0	0.6	1769.0	0.0480667336901883	0.0
