mode	model	precision_macro	recall_macro	f1_macro	precision_bacteria	recall_bacteria	f1_bacteria	precision_eukaryota	recall_eukaryota	f1_eukaryota	precision_plasmid	recall_plasmid	f1_plasmid	precision_virus	recall_virus	f1_virus
long	4cac	0.9196874823866263	0.7468218834598145	0.7859881671169265	0.7723213581179336	0.9660231660231661	0.8538939393939394	1.0	0.7513925729442971	0.8469016697588125	0.96	0.3656410256410257	0.5206015037593985	0.9464285714285714	0.9042307692307693	0.9225555555555556
long	dmc	0.8738571613571613	0.8694843759067897	0.8633255038305825	0.820883190883191	0.9207801207801207	0.864163309973098	1.0	0.9166445623342174	0.9551851851851852	0.7890909090909091	0.6405128205128205	0.6980000000000001	0.8854545454545455	1.0	0.9359535201640465
long	hybrid_no_rescue	0.8899469049815751	0.7865643679867818	0.7916799492434701	0.7931209532596339	0.9660231660231661	0.8681779684320519	1.0	0.9166445623342174	0.9551851851851852	0.8666666666666666	0.2635897435897436	0.3980463980463981	0.9	1.0	0.9453102453102453
long	hybrid_rescue	0.8774935249935251	0.8694843759067897	0.865664685117132	0.820883190883191	0.9207801207801207	0.864163309973098	1.0	0.9166445623342174	0.9551851851851852	0.7890909090909091	0.6405128205128205	0.6980000000000001	0.9	1.0	0.9453102453102453
