n_eval	accuracy	precision_macro	recall_macro	f1_macro	precision_weighted	recall_weighted	f1_weighted	f1_virus	recall_virus	precision_virus	f1_plasmid	recall_plasmid	precision_plasmid	f1_bacteria	recall_bacteria	precision_bacteria	f1_eukaryota	recall_eukaryota	precision_eukaryota	anchor_threshold	temperature	alpha	n_iter	plasmid_rescue_threshold	anchors_n	anchors_rate	rescued_plasmids
3992.0	0.3870240480961924	0.5609158065168994	0.41032465723981776	0.40901071810778683	0.8439396694623815	0.3870240480961924	0.4939011588520211	0.013003901170351105	0.2631578947368421	0.006666666666666667	0.32786885245901637	0.273224043715847	0.4098360655737705	0.37537785105798294	0.2414280664545776	0.8432098765432099	0.9197922677437969	0.8634886240520043	0.9839506172839506	0.9	1.0	0.65	20.0	0.6	1132.0	0.030758362090047005	0.0
