accuracy	anchors_rate	anchors_n	rescued_plasmids	unknown_after_filter	precision_bacteria	recall_bacteria	f1_bacteria	precision_eukaryota	recall_eukaryota	f1_eukaryota	precision_plasmid	recall_plasmid	f1_plasmid	precision_virus	recall_virus	f1_virus	f1_macro
0.25175350701402804	0.14884591867930297	7790	1	32800	0.7612293144208038	0.11382113821138211	0.1980319803198032	0.9877488514548239	0.6988082340195017	0.818527918781726	0.5357142857142857	0.16393442622950818	0.2510460251046025	0.02666666666666667	0.14035087719298245	0.04481792717086835	0.32810596284425003
