n_eval	accuracy	precision_macro	recall_macro	f1_macro	precision_weighted	recall_weighted	f1_weighted	f1_virus	recall_virus	precision_virus	f1_plasmid	recall_plasmid	precision_plasmid	f1_bacteria	recall_bacteria	precision_bacteria	f1_eukaryota	recall_eukaryota	precision_eukaryota	anchor_threshold	temperature	alpha	n_iter	plasmid_rescue_threshold	anchors_n	anchors_rate	rescued_plasmids
3992.0	0.3885270541082164	0.5670221852846937	0.4150531001537948	0.4141466023959498	0.8472703578552043	0.3885270541082164	0.49557486605330936	0.013009540329575022	0.2631578947368421	0.006669630947087594	0.3464052287581699	0.2896174863387978	0.43089430894308944	0.37613417651910913	0.2417815482502651	0.8465346534653465	0.9210374639769452	0.8656554712892741	0.9839901477832512	0.95	1.0	0.65	20.0	0.6	983.0	0.02670977909409559	0.0
