n_eval	accuracy	precision_macro	recall_macro	f1_macro	precision_weighted	recall_weighted	f1_weighted	f1_virus	recall_virus	precision_virus	f1_plasmid	recall_plasmid	precision_plasmid	f1_bacteria	recall_bacteria	precision_bacteria	f1_eukaryota	recall_eukaryota	precision_eukaryota	anchor_threshold	temperature	alpha	n_iter	plasmid_rescue_threshold	anchors_n	anchors_rate	rescued_plasmids
3992.0	0.38351703406813625	0.5599980646680018	0.40799290979998987	0.4073366344447491	0.8448530420373251	0.38351703406813625	0.4916274659040621	0.01293103448275862	0.2631578947368421	0.006628369421122404	0.3300970873786408	0.2786885245901639	0.40476190476190477	0.3746905089408528	0.24072110286320256	0.8449131513647643	0.9116279069767442	0.8494041170097508	0.9836888331242158	0.75	1.0	0.65	20.0	0.6	1588.0	0.04314865635953591	0.0
