n_eval	accuracy	precision_macro	recall_macro	f1_macro	precision_weighted	recall_weighted	f1_weighted	f1_virus	recall_virus	precision_virus	f1_plasmid	recall_plasmid	precision_plasmid	f1_bacteria	recall_bacteria	precision_bacteria	f1_eukaryota	recall_eukaryota	precision_eukaryota	anchor_threshold	temperature	alpha	n_iter	plasmid_rescue_threshold	anchors_n	anchors_rate	rescued_plasmids
3992.0	0.38527054108216435	0.5637226992547135	0.4108016799907846	0.4104089263265971	0.8456818759729274	0.38527054108216435	0.49307119277045564	0.012953367875647668	0.2631578947368421	0.006640106241699867	0.33876221498371334	0.28415300546448086	0.41935483870967744	0.37513751375137516	0.24107458465889006	0.8451053283767038	0.9147826086956522	0.8548212351029253	0.983790523690773	0.8	1.0	0.65	20.0	0.6	1422.0	0.038638154498274596	0.0
